titles	vars	lepage_normal_HRR	lepage_normal_CS	lepage_CS_HRR	cucconi_normal_HRR	cucconi_normal_CS	cucconi_CS_HRR
haploinsufficient_geneset1	geneset1	0.35929999999997675	0.03680000000000003	0.21969999999999212	0.242	0.049	0.216
haploinsufficient_geneset2	geneset2	0.5247999999999585	0.06090000000000072	0.022999999999999916	0.535	0.046	0.023
imprinted_geneset	geneset3	0.9597999999999106	0.23849999999999005	0.5642999999999542	0.951	0.119	0.756
lof_tolerant_geneset	geneset4	0.5789999999999526	0.8395999999999239	0.6544999999999442	0.602	0.806	0.645
stillBirth_geneset	geneset5	0.14285714285714285	0.4307889822595705	0.009523809523809525	0.097	0.433	0.024
ADdisease_geneset	geneset6	0.5467999999999561	0.011399999999999987	1e-4	0.568	0.012	0
mgiEssential_geneset	geneset7	0	0	0	0	0	0
new_imprinted_geneset	geneset8	NA	NA	NA	1	1	1
haploinsufficient_geneset	geneset10	0.2070999999999935	0.3579999999999769	0.047500000000000334	0.222	0.347	0.045
