titles	vars	mean_normal	mean_HRR	mean_CS	median_normal	median_HRR	median_CS	var_normal	var_HRR	var_CS	sd_normal	sd_HRR	sd_CS
haploinsufficient_geneset1	geneset1	0.4035308074886437	0.3044680590112184	0.3132376805133445	0.3034315	0.2698193	0.2742583	0.10194138883431708	0.038725114670797846	0.05339564980330884	0.31928261592876783	0.19678697789944802	0.23107498740302646
haploinsufficient_geneset2	geneset2	0.3819500282066206	0.33480728058566306	0.3145504180167045	0.27954245	0.28122559999999996	0.276981	0.1331594115519437	0.07786475886745518	0.04778145293617593	0.3649101417499159	0.2790425753670131	0.21858969082776053
imprinted_geneset	geneset3	0.7382167196178687	0.9703870060785891	1.2799620037110784	0.38320735	0.3527771	0.9655807000000001	0.5077274780636368	1.4211471893269003	1.1187506033033585	0.7125499828528781	1.1921187815511087	1.057710075258508
lof_tolerant_geneset	geneset4	0.45608746774412195	0.3961493566462318	0.39890302000861366	0.3199008	0.2869638	0.3106011	0.13719716035856386	0.17375986479443725	0.08355841355751228	0.3704013503735696	0.4168451328664367	0.28906472209093986
stillBirth_geneset	geneset5	0.31546299789911697	0.39014693636363634	0.31782066361699035	0.2840514	0.328997	0.2947938	0.028680247137491365	0.031153171231858547	0.012120527998972024	0.1693524346960839	0.17650260970268555	0.11009326954438234
ADdisease_geneset	geneset6	0.34490960939781334	0.328857839677696	0.3074080879218762	0.27831355	0.2740482405630785	0.27015175	0.0971538783634001	0.061659104100192104	0.04710662314721873	0.3116951689766784	0.24831251297546827	0.2170406025314589
mgiEssential_geneset	geneset7	0.34335429917907995	0.34529432618326317	0.31582045759902494	0.27648575	0.2825992	0.2719363	0.11806337888356032	0.08971310568168932	0.06578036691791535	0.34360351989402016	0.29952146113707667	0.256476835051268
new_imprinted_geneset	geneset8	NA	3.208813372144309	2.1609012949640287	NA	3.25285	2.007931	NA	0.16737144220919958	0.3449905983084268	NA	0.4091105501074246	0.5873590029176592
haploinsufficient_geneset	geneset10	0.35619960195676603	0.3042336796278419	0.31613935562786954	0.2883485	0.2681972	0.274365022347306	0.08079385825406636	0.050004888187544484	0.06012717771908918	0.28424260457233774	0.223617727802481	0.24520843729180525
